,Peaks Amplitude,Intervals
MeanVar1,0.0625356269588898,0.25381815165754495
