,Peaks Amplitude,Intervals
MeanVar1,0.04216235079203996,0.23300113513479936
