,Peaks Amplitude,Intervals
MeanVar1,0.0708551541725225,0.05934120441458333
