,Peaks Amplitude,Intervals
MeanVar1,0.05314765938717516,0.051018580049368586
