,Peaks Amplitude,Intervals
MeanVar1,0.06506973589213914,0.013066025530437321
