,Peaks Amplitude,Intervals
MeanVar1,0.01481858943550251,0.007681987369322789
