,Peaks Amplitude,Intervals
MeanVar1,1.0563166672286672,0.3714051181148195
